,count,mean,std,min,25%,50%,75%,max
return_w1,642.0,-0.20485810935497284,0.16939331591129303,-0.6833333373069763,-0.2993251830339432,-0.15873530507087708,-0.07043345272541046,-0.00016200542449951172
current_ratio_w1,642.0,2.1237545013427734,2.216196060180664,0.24093781411647797,1.0533683001995087,1.5151981711387634,2.237692415714264,14.166671752929688
DE_w1,642.0,1.3560055494308472,1.8996425867080688,0.05896840989589691,0.49399564415216446,0.8262799084186554,1.363320916891098,11.917911529541016
EPS_w1,642.0,0.3696816563606262,0.8210439682006836,-1.3124631643295288,0.017626311164349318,0.2210284247994423,0.5422142297029495,4.796474456787109
PE_w1,642.0,12.308314323425293,37.94678497314453,-175.8927001953125,4.461694836616516,13.575324058532715,22.39586067199707,229.99302673339844
PB_w1,642.0,2.29516863822937,2.4312896728515625,0.3903508186340332,0.93562451004982,1.5161933898925781,2.565964162349701,18.754518508911133
