,Variables,T-stat,p-value
0,Current Ratio,-8.096828092848703,6.038829956104723e-16
1,Quick Ratio,-8.003694012652943,1.2886343323733709e-15
2,Debt to Asset,20.904567181697477,8.911782976761388e-96
3,Debt to Equity,15.91067441986223,1.4327078622290502e-56
4,Interest Coverage,4.827371507778594,1.3960845310778978e-06
5,ROE,-3.69733536864392,0.00021859320960284026
6,ROA,-2.8873937628702064,0.0038896151054656105
7,d_loss,-1.2009662028771,0.22978186619434254
